<bot schemaname="cr6ec_n5IOz12g880dWrQm2l3cz">
  <authenticationconfiguration>{}</authenticationconfiguration>
  <authenticationmode>1</authenticationmode>
  <authenticationtrigger>0</authenticationtrigger>
  <iscustomizable>0</iscustomizable>
  <language>1033</language>
  <name>לאומית - אחרון</name>
  <runtimeprovider>0</runtimeprovider>
  <synchronizationstatus>{
  "contentVersion": 2,
  "lastFinishedPublishOperation": {
    "operationStart": "2024-01-31T15:41:01.5552319Z",
    "operationEnd": "2024-01-31T15:41:13.2905938Z",
    "status": "Succeeded"
  },
  "currentSynchronizationState": {
    "botRegistration": {
      "applicationId": "4d01fb94-2940-4c79-ae1a-39dfbbe0215e",
      "isAppAvailableInTenant": true
    },
    "provisioningStatus": "Provisioned",
    "state": "Synchronized"
  },
  "lastSynchronizedOnUtc": "2024-01-31T15:43:25.7635293Z"
}</synchronizationstatus>
  <template>default-2.0.1</template>
  <timezoneruleversionnumber>4</timezoneruleversionnumber>
</bot>